customer_id,y_true,y_pred,churn_probability,model_name,model_version,experiment_id,error_type
CUST_001104,0,0,0.2784927361093142,logistic_regression,v1,EXP_001,correct
CUST_000538,0,0,0.13824222358652452,logistic_regression,v1,EXP_001,correct
CUST_003397,0,0,0.3227156512287119,logistic_regression,v1,EXP_001,correct
CUST_001694,0,0,0.37372263322920357,logistic_regression,v1,EXP_001,correct
CUST_004514,0,0,0.3584425194015943,logistic_regression,v1,EXP_001,correct
CUST_001671,0,1,0.6166748854564225,logistic_regression,v1,EXP_001,false_positive
CUST_003292,0,1,0.5014738461422159,logistic_regression,v1,EXP_001,false_positive
CUST_002119,0,0,0.37286790175276296,logistic_regression,v1,EXP_001,correct
CUST_004509,0,0,0.436090175173701,logistic_regression,v1,EXP_001,correct
CUST_004982,0,0,0.407774073772974,logistic_regression,v1,EXP_001,correct
CUST_003712,0,0,0.36188201595096303,logistic_regression,v1,EXP_001,correct
CUST_001296,0,0,0.3520926402627363,logistic_regression,v1,EXP_001,correct
CUST_004007,0,0,0.2566313249527811,logistic_regression,v1,EXP_001,correct
CUST_000783,0,0,0.1653159821212033,logistic_regression,v1,EXP_001,correct
CUST_001567,0,1,0.6338747435692904,logistic_regression,v1,EXP_001,false_positive
CUST_002816,1,1,0.5315221450662027,logistic_regression,v1,EXP_001,correct
CUST_000707,0,0,0.38285619977249413,logistic_regression,v1,EXP_001,correct
CUST_001644,0,0,0.4501395306611193,logistic_regression,v1,EXP_001,correct
CUST_001929,0,0,0.1479519535353917,logistic_regression,v1,EXP_001,correct
CUST_004219,0,0,0.20291515413302286,logistic_regression,v1,EXP_001,correct
CUST_003956,1,1,0.5613790720588889,logistic_regression,v1,EXP_001,correct
CUST_000795,0,0,0.406457239509575,logistic_regression,v1,EXP_001,correct
CUST_000796,1,1,0.7030122074296775,logistic_regression,v1,EXP_001,correct
CUST_002933,1,1,0.8424885202993808,logistic_regression,v1,EXP_001,correct
CUST_001280,0,0,0.35339718223940736,logistic_regression,v1,EXP_001,correct
CUST_003098,0,1,0.6119495567925666,logistic_regression,v1,EXP_001,false_positive
CUST_000766,0,1,0.7311833450133874,logistic_regression,v1,EXP_001,false_positive
CUST_000474,0,0,0.24188488084272455,logistic_regression,v1,EXP_001,correct
CUST_001402,0,1,0.5630147307053323,logistic_regression,v1,EXP_001,false_positive
CUST_001802,0,0,0.43579343051888075,logistic_regression,v1,EXP_001,correct
CUST_002451,1,1,0.9624086021750732,logistic_regression,v1,EXP_001,correct
CUST_004883,0,1,0.50278047070168,logistic_regression,v1,EXP_001,false_positive
CUST_002227,0,0,0.21261727964283567,logistic_regression,v1,EXP_001,correct
CUST_003629,0,0,0.2222879613588569,logistic_regression,v1,EXP_001,correct
CUST_000901,0,0,0.37570643434646106,logistic_regression,v1,EXP_001,correct
CUST_000664,0,0,0.4656971576917628,logistic_regression,v1,EXP_001,correct
CUST_000608,0,1,0.5931208959409522,logistic_regression,v1,EXP_001,false_positive
CUST_003560,0,0,0.4883040022729278,logistic_regression,v1,EXP_001,correct
CUST_004430,0,1,0.6164657384740239,logistic_regression,v1,EXP_001,false_positive
CUST_000725,1,1,0.782834905690433,logistic_regression,v1,EXP_001,correct
CUST_001966,0,0,0.2922775376127261,logistic_regression,v1,EXP_001,correct
CUST_001619,0,0,0.17597361990452565,logistic_regression,v1,EXP_001,correct
CUST_000928,0,0,0.2123731689536364,logistic_regression,v1,EXP_001,correct
CUST_002885,0,1,0.6637254422848617,logistic_regression,v1,EXP_001,false_positive
CUST_001060,0,0,0.37629400818098124,logistic_regression,v1,EXP_001,correct
CUST_002373,0,0,0.2191831267744231,logistic_regression,v1,EXP_001,correct
CUST_002668,0,0,0.4854894947001995,logistic_regression,v1,EXP_001,correct
CUST_004799,1,0,0.41709109713205955,logistic_regression,v1,EXP_001,false_negative
CUST_001309,0,1,0.5548503961977547,logistic_regression,v1,EXP_001,false_positive
CUST_004332,0,0,0.3723349361884714,logistic_regression,v1,EXP_001,correct
CUST_004369,0,0,0.3143578746622982,logistic_regression,v1,EXP_001,correct
CUST_000922,0,0,0.33045750410767166,logistic_regression,v1,EXP_001,correct
CUST_002585,0,0,0.43548798100506825,logistic_regression,v1,EXP_001,correct
CUST_004963,0,0,0.4751865726503669,logistic_regression,v1,EXP_001,correct
CUST_001170,0,1,0.6006100794248664,logistic_regression,v1,EXP_001,false_positive
CUST_000244,0,1,0.518199028078528,logistic_regression,v1,EXP_001,false_positive
CUST_002435,0,1,0.6684596449039532,logistic_regression,v1,EXP_001,false_positive
CUST_003741,0,1,0.6008839910227667,logistic_regression,v1,EXP_001,false_positive
CUST_000942,0,1,0.6825853893115609,logistic_regression,v1,EXP_001,false_positive
CUST_001291,0,1,0.5956439005062746,logistic_regression,v1,EXP_001,false_positive
CUST_000043,0,1,0.6389893117903693,logistic_regression,v1,EXP_001,false_positive
CUST_002210,0,0,0.47020090873603904,logistic_regression,v1,EXP_001,correct
CUST_002378,0,1,0.5100283268697665,logistic_regression,v1,EXP_001,false_positive
CUST_004246,0,1,0.5147386968900051,logistic_regression,v1,EXP_001,false_positive
CUST_001000,0,0,0.38675097322456453,logistic_regression,v1,EXP_001,correct
CUST_004066,0,0,0.20259068184006856,logistic_regression,v1,EXP_001,correct
CUST_003110,1,1,0.6573592305240721,logistic_regression,v1,EXP_001,correct
CUST_001419,0,0,0.30118589305807864,logistic_regression,v1,EXP_001,correct
CUST_004680,0,0,0.4885706998038128,logistic_regression,v1,EXP_001,correct
CUST_000140,0,1,0.5582337231750185,logistic_regression,v1,EXP_001,false_positive
CUST_003176,1,0,0.44784319508021625,logistic_regression,v1,EXP_001,false_negative
CUST_001047,0,0,0.38081493805427064,logistic_regression,v1,EXP_001,correct
CUST_004309,0,1,0.6233078320275275,logistic_regression,v1,EXP_001,false_positive
CUST_003914,0,0,0.44318874735097774,logistic_regression,v1,EXP_001,correct
CUST_004439,0,0,0.27898428405150827,logistic_regression,v1,EXP_001,correct
CUST_004988,0,0,0.362582209412338,logistic_regression,v1,EXP_001,correct
CUST_001908,1,1,0.5592288193368414,logistic_regression,v1,EXP_001,correct
CUST_004875,0,1,0.5997738715390892,logistic_regression,v1,EXP_001,false_positive
CUST_003062,1,1,0.5696271280913481,logistic_regression,v1,EXP_001,correct
CUST_004143,0,0,0.2923096458809964,logistic_regression,v1,EXP_001,correct
CUST_004178,0,1,0.6429470640339267,logistic_regression,v1,EXP_001,false_positive
CUST_003977,0,0,0.31155554655195,logistic_regression,v1,EXP_001,correct
CUST_000310,0,0,0.1692921361377017,logistic_regression,v1,EXP_001,correct
CUST_004869,1,0,0.23839514133623094,logistic_regression,v1,EXP_001,false_negative
CUST_004082,0,0,0.29941041718468214,logistic_regression,v1,EXP_001,correct
CUST_002922,0,0,0.43384152776168217,logistic_regression,v1,EXP_001,correct
CUST_000073,0,1,0.5614978542763254,logistic_regression,v1,EXP_001,false_positive
CUST_004984,0,0,0.3397143662729074,logistic_regression,v1,EXP_001,correct
CUST_003605,0,0,0.4506107546357249,logistic_regression,v1,EXP_001,correct
CUST_000966,1,1,0.6719218844429597,logistic_regression,v1,EXP_001,correct
CUST_000465,0,1,0.5478587753570745,logistic_regression,v1,EXP_001,false_positive
CUST_002179,0,0,0.2936142552596148,logistic_regression,v1,EXP_001,correct
CUST_000024,0,0,0.24862702569950207,logistic_regression,v1,EXP_001,correct
CUST_000403,0,1,0.6277735612309495,logistic_regression,v1,EXP_001,false_positive
CUST_003080,0,0,0.19329231046795162,logistic_regression,v1,EXP_001,correct
CUST_000841,0,0,0.3620612754395064,logistic_regression,v1,EXP_001,correct
CUST_001839,0,0,0.14072120069990143,logistic_regression,v1,EXP_001,correct
CUST_001547,1,1,0.7850793732455392,logistic_regression,v1,EXP_001,correct
CUST_000818,0,0,0.42342184684717843,logistic_regression,v1,EXP_001,correct
CUST_002747,0,0,0.3491208197990339,logistic_regression,v1,EXP_001,correct
CUST_001450,0,1,0.5335789072986494,logistic_regression,v1,EXP_001,false_positive
CUST_003476,0,0,0.25052212476276275,logistic_regression,v1,EXP_001,correct
CUST_004785,0,0,0.30584186207455427,logistic_regression,v1,EXP_001,correct
CUST_003544,0,0,0.35052269049065704,logistic_regression,v1,EXP_001,correct
CUST_001021,0,0,0.22207095846024527,logistic_regression,v1,EXP_001,correct
CUST_001638,0,0,0.3381947540460915,logistic_regression,v1,EXP_001,correct
CUST_002804,0,1,0.5397746826610459,logistic_regression,v1,EXP_001,false_positive
CUST_003729,1,1,0.627082730519787,logistic_regression,v1,EXP_001,correct
CUST_002817,0,1,0.5995422839224231,logistic_regression,v1,EXP_001,false_positive
CUST_004174,0,0,0.470595893350514,logistic_regression,v1,EXP_001,correct
CUST_000370,1,1,0.5530234050105508,logistic_regression,v1,EXP_001,correct
CUST_004677,0,0,0.35487767829480293,logistic_regression,v1,EXP_001,correct
CUST_002756,1,1,0.8398244647576475,logistic_regression,v1,EXP_001,correct
CUST_000026,0,0,0.3089742382834728,logistic_regression,v1,EXP_001,correct
CUST_000808,0,0,0.47880222835638736,logistic_regression,v1,EXP_001,correct
CUST_000137,0,0,0.1884760327020887,logistic_regression,v1,EXP_001,correct
CUST_001217,0,1,0.5884223882320937,logistic_regression,v1,EXP_001,false_positive
CUST_003724,0,0,0.40687794983186804,logistic_regression,v1,EXP_001,correct
CUST_000173,0,0,0.4440446324330927,logistic_regression,v1,EXP_001,correct
CUST_001283,0,1,0.5792796741526804,logistic_regression,v1,EXP_001,false_positive
CUST_003444,0,1,0.6574840214028556,logistic_regression,v1,EXP_001,false_positive
CUST_001279,0,1,0.6544345159336292,logistic_regression,v1,EXP_001,false_positive
CUST_003042,0,0,0.4783075725219709,logistic_regression,v1,EXP_001,correct
CUST_003718,0,0,0.42338160072398684,logistic_regression,v1,EXP_001,correct
CUST_000788,0,0,0.09069323783290063,logistic_regression,v1,EXP_001,correct
CUST_000215,0,0,0.3082433737644968,logistic_regression,v1,EXP_001,correct
CUST_001389,0,0,0.4239354635033847,logistic_regression,v1,EXP_001,correct
CUST_003813,0,0,0.4977629402615489,logistic_regression,v1,EXP_001,correct
CUST_004789,1,0,0.39088867853498027,logistic_regression,v1,EXP_001,false_negative
CUST_001175,0,1,0.5879226286694941,logistic_regression,v1,EXP_001,false_positive
CUST_000717,1,1,0.562214925687565,logistic_regression,v1,EXP_001,correct
CUST_000545,0,0,0.29390808210445113,logistic_regression,v1,EXP_001,correct
CUST_004901,0,1,0.8236625633188487,logistic_regression,v1,EXP_001,false_positive
CUST_001226,0,1,0.5830528445536252,logistic_regression,v1,EXP_001,false_positive
CUST_003917,0,1,0.5479205638665688,logistic_regression,v1,EXP_001,false_positive
CUST_001276,1,1,0.7255035509193714,logistic_regression,v1,EXP_001,correct
CUST_001974,1,0,0.4318769545864378,logistic_regression,v1,EXP_001,false_negative
CUST_001897,1,1,0.9407218698995446,logistic_regression,v1,EXP_001,correct
CUST_003824,1,1,0.6661174110486098,logistic_regression,v1,EXP_001,correct
CUST_003129,0,0,0.30079487558912843,logistic_regression,v1,EXP_001,correct
CUST_000238,0,0,0.3849648024040042,logistic_regression,v1,EXP_001,correct
CUST_000885,0,0,0.33646622235357443,logistic_regression,v1,EXP_001,correct
CUST_000729,1,1,0.6942914589624833,logistic_regression,v1,EXP_001,correct
CUST_004019,1,0,0.30377093991197707,logistic_regression,v1,EXP_001,false_negative
CUST_004619,0,0,0.20587093325883146,logistic_regression,v1,EXP_001,correct
CUST_003585,0,0,0.13741504127843449,logistic_regression,v1,EXP_001,correct
CUST_004811,1,0,0.3752930295461137,logistic_regression,v1,EXP_001,false_negative
CUST_001894,0,0,0.17694099972520475,logistic_regression,v1,EXP_001,correct
CUST_003218,1,0,0.46458684312964205,logistic_regression,v1,EXP_001,false_negative
CUST_001297,0,1,0.8031916100218925,logistic_regression,v1,EXP_001,false_positive
CUST_001791,0,1,0.7529212804160319,logistic_regression,v1,EXP_001,false_positive
CUST_000837,0,0,0.04012088582919603,logistic_regression,v1,EXP_001,correct
CUST_001469,0,0,0.4041740876223394,logistic_regression,v1,EXP_001,correct
CUST_004043,0,0,0.44930976301774483,logistic_regression,v1,EXP_001,correct
CUST_001397,0,0,0.265323856403635,logistic_regression,v1,EXP_001,correct
CUST_000111,0,1,0.6261055536999736,logistic_regression,v1,EXP_001,false_positive
CUST_004907,1,1,0.7807617579445744,logistic_regression,v1,EXP_001,correct
CUST_002055,0,0,0.4442513792246833,logistic_regression,v1,EXP_001,correct
CUST_003754,0,0,0.36854515338657773,logistic_regression,v1,EXP_001,correct
CUST_002626,0,0,0.18394441093936056,logistic_regression,v1,EXP_001,correct
CUST_001545,1,0,0.3716320786190167,logistic_regression,v1,EXP_001,false_negative
CUST_002349,1,1,0.8032845789171555,logistic_regression,v1,EXP_001,correct
CUST_002503,0,0,0.27394112895955286,logistic_regression,v1,EXP_001,correct
CUST_001150,1,0,0.32782098973262885,logistic_regression,v1,EXP_001,false_negative
CUST_004787,0,1,0.6256801273111492,logistic_regression,v1,EXP_001,false_positive
CUST_001328,1,1,0.672793757197373,logistic_regression,v1,EXP_001,correct
CUST_004134,0,1,0.6257228039363669,logistic_regression,v1,EXP_001,false_positive
CUST_004886,1,1,0.5059730370992985,logistic_regression,v1,EXP_001,correct
CUST_004238,1,0,0.3331380292775857,logistic_regression,v1,EXP_001,false_negative
CUST_001466,0,0,0.24296940823800234,logistic_regression,v1,EXP_001,correct
CUST_000279,1,1,0.7090274406451551,logistic_regression,v1,EXP_001,correct
CUST_003026,0,0,0.21600769658083266,logistic_regression,v1,EXP_001,correct
CUST_000735,0,0,0.2757661677095399,logistic_regression,v1,EXP_001,correct
CUST_004101,0,0,0.45166186930876157,logistic_regression,v1,EXP_001,correct
CUST_000149,0,0,0.3548014269987753,logistic_regression,v1,EXP_001,correct
CUST_001729,0,1,0.5202924502094158,logistic_regression,v1,EXP_001,false_positive
CUST_002202,0,1,0.6323695519326595,logistic_regression,v1,EXP_001,false_positive
CUST_002327,0,1,0.6390501457630529,logistic_regression,v1,EXP_001,false_positive
CUST_001142,1,0,0.26270212593850817,logistic_regression,v1,EXP_001,false_negative
CUST_004009,0,1,0.6171674312844111,logistic_regression,v1,EXP_001,false_positive
CUST_001673,0,1,0.6201844780052537,logistic_regression,v1,EXP_001,false_positive
CUST_003135,0,0,0.3853372123524147,logistic_regression,v1,EXP_001,correct
CUST_003959,0,0,0.40981808640445017,logistic_regression,v1,EXP_001,correct
CUST_004482,0,0,0.42109057121711496,logistic_regression,v1,EXP_001,correct
CUST_004527,0,1,0.7580135523090923,logistic_regression,v1,EXP_001,false_positive
CUST_003387,0,0,0.2599006396179567,logistic_regression,v1,EXP_001,correct
CUST_004211,0,1,0.527044471971312,logistic_regression,v1,EXP_001,false_positive
CUST_004934,0,0,0.2974456217487401,logistic_regression,v1,EXP_001,correct
CUST_004169,0,0,0.15000730661902695,logistic_regression,v1,EXP_001,correct
CUST_002928,1,1,0.683191504226667,logistic_regression,v1,EXP_001,correct
CUST_000857,0,0,0.27428502760381274,logistic_regression,v1,EXP_001,correct
CUST_001173,0,1,0.7383795023374619,logistic_regression,v1,EXP_001,false_positive
CUST_002596,0,0,0.4660604768996537,logistic_regression,v1,EXP_001,correct
CUST_004471,0,0,0.21256615551133753,logistic_regression,v1,EXP_001,correct
CUST_003472,0,1,0.5850319901879565,logistic_regression,v1,EXP_001,false_positive
CUST_001530,0,0,0.2934842184835381,logistic_regression,v1,EXP_001,correct
CUST_002658,1,1,0.5068931341184504,logistic_regression,v1,EXP_001,correct
CUST_001846,0,1,0.6597516364265101,logistic_regression,v1,EXP_001,false_positive
CUST_003768,0,0,0.33575521576689876,logistic_regression,v1,EXP_001,correct
CUST_002511,0,0,0.48207980916896725,logistic_regression,v1,EXP_001,correct
CUST_004370,0,0,0.29800434338520376,logistic_regression,v1,EXP_001,correct
CUST_002111,0,0,0.2838375274737272,logistic_regression,v1,EXP_001,correct
CUST_001990,0,1,0.580764473044864,logistic_regression,v1,EXP_001,false_positive
CUST_003344,1,0,0.3821231823189293,logistic_regression,v1,EXP_001,false_negative
CUST_004342,0,0,0.19225461322846238,logistic_regression,v1,EXP_001,correct
CUST_002449,0,0,0.17351795214171495,logistic_regression,v1,EXP_001,correct
CUST_002952,0,0,0.4057691923928788,logistic_regression,v1,EXP_001,correct
CUST_003256,0,0,0.2107425325594358,logistic_regression,v1,EXP_001,correct
CUST_001492,0,0,0.49914215569109033,logistic_regression,v1,EXP_001,correct
CUST_003160,0,1,0.8371691403502942,logistic_regression,v1,EXP_001,false_positive
CUST_000351,0,0,0.24342832203603618,logistic_regression,v1,EXP_001,correct
CUST_003001,0,0,0.1534019000700983,logistic_regression,v1,EXP_001,correct
CUST_003759,0,0,0.33701163571687404,logistic_regression,v1,EXP_001,correct
CUST_001095,1,1,0.7347014537894044,logistic_regression,v1,EXP_001,correct
CUST_001422,0,0,0.4201527905636261,logistic_regression,v1,EXP_001,correct
CUST_002825,0,1,0.5090682001879351,logistic_regression,v1,EXP_001,false_positive
CUST_004976,1,0,0.43414483092378564,logistic_regression,v1,EXP_001,false_negative
CUST_003773,0,0,0.4478422746591881,logistic_regression,v1,EXP_001,correct
CUST_002543,0,1,0.5580301229630806,logistic_regression,v1,EXP_001,false_positive
CUST_001500,0,1,0.7196651438400262,logistic_regression,v1,EXP_001,false_positive
CUST_003340,0,0,0.358911840150849,logistic_regression,v1,EXP_001,correct
CUST_000079,1,1,0.5060996738674679,logistic_regression,v1,EXP_001,correct
CUST_000871,0,0,0.30881301909955106,logistic_regression,v1,EXP_001,correct
CUST_000493,0,0,0.47442220014874364,logistic_regression,v1,EXP_001,correct
CUST_001494,1,1,0.8639649517293038,logistic_regression,v1,EXP_001,correct
CUST_000566,1,0,0.4951183188372763,logistic_regression,v1,EXP_001,false_negative
CUST_001668,1,1,0.6906468340198242,logistic_regression,v1,EXP_001,correct
CUST_002746,0,1,0.6071415224539366,logistic_regression,v1,EXP_001,false_positive
CUST_000567,1,1,0.7403409650196947,logistic_regression,v1,EXP_001,correct
CUST_000395,0,1,0.6028393733381396,logistic_regression,v1,EXP_001,false_positive
CUST_004428,0,1,0.5996744414822398,logistic_regression,v1,EXP_001,false_positive
CUST_004094,0,1,0.6523732115514578,logistic_regression,v1,EXP_001,false_positive
CUST_003865,0,0,0.3966546328958891,logistic_regression,v1,EXP_001,correct
CUST_000256,0,0,0.13976541772390605,logistic_regression,v1,EXP_001,correct
CUST_004860,0,1,0.6806986167356593,logistic_regression,v1,EXP_001,false_positive
CUST_002032,0,0,0.46757721398933627,logistic_regression,v1,EXP_001,correct
CUST_004652,0,0,0.3989419071125619,logistic_regression,v1,EXP_001,correct
CUST_001182,1,0,0.4300221101916243,logistic_regression,v1,EXP_001,false_negative
CUST_001352,0,0,0.2767262204834817,logistic_regression,v1,EXP_001,correct
CUST_004567,0,0,0.47645930880605036,logistic_regression,v1,EXP_001,correct
CUST_003254,0,0,0.09016243033793019,logistic_regression,v1,EXP_001,correct
CUST_003684,1,0,0.44257827450943854,logistic_regression,v1,EXP_001,false_negative
CUST_003633,0,0,0.4404284677565803,logistic_regression,v1,EXP_001,correct
CUST_001041,0,0,0.3363794272269539,logistic_regression,v1,EXP_001,correct
CUST_000848,0,0,0.28037287048695775,logistic_regression,v1,EXP_001,correct
CUST_000574,0,0,0.42664413770184534,logistic_regression,v1,EXP_001,correct
CUST_000269,1,1,0.5112161233773586,logistic_regression,v1,EXP_001,correct
CUST_002120,0,0,0.44819020836995394,logistic_regression,v1,EXP_001,correct
CUST_000761,0,1,0.5241029060540882,logistic_regression,v1,EXP_001,false_positive
CUST_001695,0,0,0.31549140692535116,logistic_regression,v1,EXP_001,correct
CUST_002392,1,1,0.6260469837352498,logistic_regression,v1,EXP_001,correct
CUST_004914,1,1,0.8025098808023083,logistic_regression,v1,EXP_001,correct
CUST_001582,0,1,0.5388134282368687,logistic_regression,v1,EXP_001,false_positive
CUST_001628,0,0,0.365088596733991,logistic_regression,v1,EXP_001,correct
CUST_001840,1,1,0.6228353693755826,logistic_regression,v1,EXP_001,correct
CUST_002846,0,0,0.4656318311429559,logistic_regression,v1,EXP_001,correct
CUST_002649,0,1,0.5644308393783952,logistic_regression,v1,EXP_001,false_positive
CUST_004450,0,1,0.6979775364597249,logistic_regression,v1,EXP_001,false_positive
CUST_001277,1,1,0.5763782161738887,logistic_regression,v1,EXP_001,correct
CUST_002144,1,1,0.5977995724267581,logistic_regression,v1,EXP_001,correct
CUST_002188,0,0,0.21554981566643822,logistic_regression,v1,EXP_001,correct
CUST_003246,1,0,0.38896653374070883,logistic_regression,v1,EXP_001,false_negative
CUST_003534,0,0,0.4020755611583171,logistic_regression,v1,EXP_001,correct
CUST_003566,0,0,0.05784968607999069,logistic_regression,v1,EXP_001,correct
CUST_000400,0,1,0.7875838443420364,logistic_regression,v1,EXP_001,false_positive
CUST_003553,0,0,0.41045829507575887,logistic_regression,v1,EXP_001,correct
CUST_003151,0,0,0.48323053696963414,logistic_regression,v1,EXP_001,correct
CUST_004239,0,0,0.22260629825676012,logistic_regression,v1,EXP_001,correct
CUST_002947,0,1,0.5276729531598202,logistic_regression,v1,EXP_001,false_positive
CUST_001906,1,1,0.9444425667881812,logistic_regression,v1,EXP_001,correct
CUST_001465,1,1,0.7507853588976572,logistic_regression,v1,EXP_001,correct
CUST_003805,0,0,0.25468184860313586,logistic_regression,v1,EXP_001,correct
CUST_002069,0,1,0.6625987054215979,logistic_regression,v1,EXP_001,false_positive
CUST_001806,1,1,0.6264220319949658,logistic_regression,v1,EXP_001,correct
CUST_001179,0,1,0.7752167553436352,logistic_regression,v1,EXP_001,false_positive
CUST_000189,0,0,0.3086708317308821,logistic_regression,v1,EXP_001,correct
CUST_004851,0,0,0.4622131933619899,logistic_regression,v1,EXP_001,correct
CUST_002024,0,1,0.5206611945181476,logistic_regression,v1,EXP_001,false_positive
CUST_003644,0,0,0.14431031146924522,logistic_regression,v1,EXP_001,correct
CUST_003578,0,1,0.5942757896927006,logistic_regression,v1,EXP_001,false_positive
CUST_004243,0,1,0.8128513088764422,logistic_regression,v1,EXP_001,false_positive
CUST_000473,0,0,0.40530074100810404,logistic_regression,v1,EXP_001,correct
CUST_004322,0,0,0.41279165666535267,logistic_regression,v1,EXP_001,correct
CUST_001255,0,1,0.607112983829091,logistic_regression,v1,EXP_001,false_positive
CUST_004890,0,0,0.33765668936025645,logistic_regression,v1,EXP_001,correct
CUST_002707,1,0,0.19272261841516797,logistic_regression,v1,EXP_001,false_negative
CUST_001827,0,0,0.4463241231957532,logistic_regression,v1,EXP_001,correct
CUST_004223,0,0,0.3487794503942337,logistic_regression,v1,EXP_001,correct
CUST_004272,0,0,0.1868631092443431,logistic_regression,v1,EXP_001,correct
CUST_001856,0,0,0.4000738716139699,logistic_regression,v1,EXP_001,correct
CUST_002647,0,1,0.5368644002114414,logistic_regression,v1,EXP_001,false_positive
CUST_000971,0,0,0.4566936002976186,logistic_regression,v1,EXP_001,correct
CUST_004818,0,0,0.29229749742610495,logistic_regression,v1,EXP_001,correct
CUST_004227,0,0,0.4730893064053568,logistic_regression,v1,EXP_001,correct
CUST_004017,0,1,0.5829222253073122,logistic_regression,v1,EXP_001,false_positive
CUST_003439,0,0,0.44432979253702043,logistic_regression,v1,EXP_001,correct
CUST_002720,0,0,0.3948696372338944,logistic_regression,v1,EXP_001,correct
CUST_000131,0,0,0.44771655281664874,logistic_regression,v1,EXP_001,correct
CUST_000451,0,0,0.35423287849262053,logistic_regression,v1,EXP_001,correct
CUST_001145,0,1,0.7293587713292939,logistic_regression,v1,EXP_001,false_positive
CUST_001995,0,0,0.3478928280814197,logistic_regression,v1,EXP_001,correct
CUST_002718,0,1,0.5994980557805019,logistic_regression,v1,EXP_001,false_positive
CUST_002056,0,0,0.39873274260066316,logistic_regression,v1,EXP_001,correct
CUST_002768,0,1,0.816584730130846,logistic_regression,v1,EXP_001,false_positive
CUST_004603,0,1,0.5962175404432105,logistic_regression,v1,EXP_001,false_positive
CUST_004120,0,0,0.3462603061478357,logistic_regression,v1,EXP_001,correct
CUST_004736,0,0,0.45961972964281145,logistic_regression,v1,EXP_001,correct
CUST_003821,0,0,0.49648003203915425,logistic_regression,v1,EXP_001,correct
CUST_000159,1,1,0.7322911519646174,logistic_regression,v1,EXP_001,correct
CUST_003093,0,0,0.42303425443341747,logistic_regression,v1,EXP_001,correct
CUST_001312,0,0,0.2972797773686692,logistic_regression,v1,EXP_001,correct
CUST_004815,1,0,0.32613308084677217,logistic_regression,v1,EXP_001,false_negative
CUST_000464,0,1,0.7298972462852106,logistic_regression,v1,EXP_001,false_positive
CUST_003618,0,0,0.2644723355820782,logistic_regression,v1,EXP_001,correct
CUST_003686,0,0,0.32832073333939155,logistic_regression,v1,EXP_001,correct
CUST_001353,0,0,0.31973222673555773,logistic_regression,v1,EXP_001,correct
CUST_001980,1,0,0.39681415352230076,logistic_regression,v1,EXP_001,false_negative
CUST_003820,0,1,0.6328750466095951,logistic_regression,v1,EXP_001,false_positive
CUST_003819,0,0,0.4573682288773189,logistic_regression,v1,EXP_001,correct
CUST_001196,0,1,0.6516469587342268,logistic_regression,v1,EXP_001,false_positive
CUST_004214,0,0,0.23671612597436287,logistic_regression,v1,EXP_001,correct
CUST_003391,0,0,0.47278911176885347,logistic_regression,v1,EXP_001,correct
CUST_002780,0,1,0.6481321041520806,logistic_regression,v1,EXP_001,false_positive
CUST_003394,0,1,0.5746855080945249,logistic_regression,v1,EXP_001,false_positive
CUST_000838,0,0,0.39945584992027094,logistic_regression,v1,EXP_001,correct
CUST_000640,0,0,0.35074825834645096,logistic_regression,v1,EXP_001,correct
CUST_000338,0,0,0.23858149756287927,logistic_regression,v1,EXP_001,correct
CUST_002090,0,0,0.24982501498371154,logistic_regression,v1,EXP_001,correct
CUST_002956,0,0,0.47044295235148903,logistic_regression,v1,EXP_001,correct
CUST_002154,0,0,0.4911445176757882,logistic_regression,v1,EXP_001,correct
CUST_002968,1,0,0.38389031477938196,logistic_regression,v1,EXP_001,false_negative
CUST_004095,0,0,0.18057343261396933,logistic_regression,v1,EXP_001,correct
CUST_001622,1,1,0.6159288038851135,logistic_regression,v1,EXP_001,correct
CUST_004453,0,0,0.3800373083704735,logistic_regression,v1,EXP_001,correct
CUST_002581,0,0,0.24262960438449307,logistic_regression,v1,EXP_001,correct
CUST_004200,0,0,0.3440266002335992,logistic_regression,v1,EXP_001,correct
CUST_000816,0,0,0.42278417026114834,logistic_regression,v1,EXP_001,correct
CUST_002059,0,0,0.4001069673555662,logistic_regression,v1,EXP_001,correct
CUST_004242,1,1,0.8344900579843622,logistic_regression,v1,EXP_001,correct
CUST_003746,0,0,0.12924504470863565,logistic_regression,v1,EXP_001,correct
CUST_000918,0,0,0.4858145835352651,logistic_regression,v1,EXP_001,correct
CUST_001702,0,0,0.3411974694473418,logistic_regression,v1,EXP_001,correct
CUST_002620,1,1,0.8048470095963126,logistic_regression,v1,EXP_001,correct
CUST_004612,0,0,0.4400289461940811,logistic_regression,v1,EXP_001,correct
CUST_003719,0,0,0.32021551297112827,logistic_regression,v1,EXP_001,correct
CUST_004783,0,1,0.6479529029058645,logistic_regression,v1,EXP_001,false_positive
CUST_004978,1,1,0.7590554540168281,logistic_regression,v1,EXP_001,correct
CUST_000020,0,1,0.5221365820626656,logistic_regression,v1,EXP_001,false_positive
CUST_000058,0,0,0.3431810543872187,logistic_regression,v1,EXP_001,correct
CUST_001367,0,1,0.5872474682943603,logistic_regression,v1,EXP_001,false_positive
CUST_002168,0,1,0.638795614133787,logistic_regression,v1,EXP_001,false_positive
CUST_003501,1,1,0.6383947855951771,logistic_regression,v1,EXP_001,correct
CUST_000423,0,1,0.5101909258877203,logistic_regression,v1,EXP_001,false_positive
CUST_003461,0,1,0.6179839519804706,logistic_regression,v1,EXP_001,false_positive
CUST_001377,0,1,0.8295075822830064,logistic_regression,v1,EXP_001,false_positive
CUST_001440,0,0,0.4190407354629887,logistic_regression,v1,EXP_001,correct
CUST_002269,0,1,0.8649847590408715,logistic_regression,v1,EXP_001,false_positive
CUST_002048,0,0,0.13626647758146812,logistic_regression,v1,EXP_001,correct
CUST_001154,0,1,0.5897990021358686,logistic_regression,v1,EXP_001,false_positive
CUST_002454,0,0,0.40470683937853846,logistic_regression,v1,EXP_001,correct
CUST_004180,0,1,0.7476698949482334,logistic_regression,v1,EXP_001,false_positive
CUST_002011,0,1,0.7831666557331716,logistic_regression,v1,EXP_001,false_positive
CUST_004011,0,1,0.6008096914648043,logistic_regression,v1,EXP_001,false_positive
CUST_001540,0,0,0.17787944576570938,logistic_regression,v1,EXP_001,correct
CUST_004903,0,0,0.32205696840977405,logistic_regression,v1,EXP_001,correct
CUST_002091,0,0,0.2843741313679826,logistic_regression,v1,EXP_001,correct
CUST_003402,1,1,0.6777556239605548,logistic_regression,v1,EXP_001,correct
CUST_004135,1,0,0.3827463687486052,logistic_regression,v1,EXP_001,false_negative
CUST_002986,0,0,0.4484186246829932,logistic_regression,v1,EXP_001,correct
CUST_002241,0,1,0.5885753855557068,logistic_regression,v1,EXP_001,false_positive
CUST_002483,1,1,0.6569905081382751,logistic_regression,v1,EXP_001,correct
CUST_002304,1,1,0.7230887484713121,logistic_regression,v1,EXP_001,correct
CUST_000677,1,0,0.4159840477444307,logistic_regression,v1,EXP_001,false_negative
CUST_001915,0,0,0.3211440394269108,logistic_regression,v1,EXP_001,correct
CUST_004588,0,0,0.31084127135726874,logistic_regression,v1,EXP_001,correct
CUST_001192,0,1,0.5332912132195321,logistic_regression,v1,EXP_001,false_positive
CUST_000591,0,0,0.49626883513449055,logistic_regression,v1,EXP_001,correct
CUST_000308,1,0,0.29959167794364316,logistic_regression,v1,EXP_001,false_negative
CUST_002385,0,0,0.4233797096600485,logistic_regression,v1,EXP_001,correct
CUST_001979,0,0,0.3236104342447698,logistic_regression,v1,EXP_001,correct
CUST_002835,0,0,0.3038066409351096,logistic_regression,v1,EXP_001,correct
CUST_001795,0,1,0.7987738685130382,logistic_regression,v1,EXP_001,false_positive
CUST_003144,0,1,0.6747426757801436,logistic_regression,v1,EXP_001,false_positive
CUST_003965,0,0,0.24064012965416676,logistic_regression,v1,EXP_001,correct
CUST_004586,0,0,0.34502682348852315,logistic_regression,v1,EXP_001,correct
CUST_000665,0,1,0.5772506128221034,logistic_regression,v1,EXP_001,false_positive
CUST_001620,1,0,0.37928878101634284,logistic_regression,v1,EXP_001,false_negative
CUST_002811,0,0,0.4786726228965129,logistic_regression,v1,EXP_001,correct
CUST_001982,0,0,0.4093128027516947,logistic_regression,v1,EXP_001,correct
CUST_001837,0,1,0.6195322881167364,logistic_regression,v1,EXP_001,false_positive
CUST_004891,0,0,0.38315383840881784,logistic_regression,v1,EXP_001,correct
CUST_003604,0,1,0.5464274839234402,logistic_regression,v1,EXP_001,false_positive
CUST_000014,0,0,0.29745276168839696,logistic_regression,v1,EXP_001,correct
CUST_003239,0,0,0.3377011726186624,logistic_regression,v1,EXP_001,correct
CUST_001734,0,0,0.33089353939633087,logistic_regression,v1,EXP_001,correct
CUST_000638,1,0,0.3508685631295427,logistic_regression,v1,EXP_001,false_negative
CUST_004217,0,0,0.28269665146038514,logistic_regression,v1,EXP_001,correct
CUST_001564,0,0,0.4253836209095272,logistic_regression,v1,EXP_001,correct
CUST_004575,1,0,0.4541028464308362,logistic_regression,v1,EXP_001,false_negative
CUST_002043,0,0,0.21003851800562864,logistic_regression,v1,EXP_001,correct
CUST_001861,1,0,0.497320461058728,logistic_regression,v1,EXP_001,false_negative
CUST_002393,1,1,0.811760902564421,logistic_regression,v1,EXP_001,correct
CUST_002584,1,0,0.4000786161518067,logistic_regression,v1,EXP_001,false_negative
CUST_003051,0,0,0.11522058929106892,logistic_regression,v1,EXP_001,correct
CUST_004659,0,1,0.5459018964474398,logistic_regression,v1,EXP_001,false_positive
CUST_003632,0,1,0.7284793345235793,logistic_regression,v1,EXP_001,false_positive
CUST_000312,0,1,0.8248231295946522,logistic_regression,v1,EXP_001,false_positive
CUST_004703,1,0,0.4695684519651775,logistic_regression,v1,EXP_001,false_negative
CUST_004274,0,0,0.24225102640010127,logistic_regression,v1,EXP_001,correct
CUST_004708,0,1,0.5079244124203138,logistic_regression,v1,EXP_001,false_positive
CUST_003619,1,0,0.4635409255833979,logistic_regression,v1,EXP_001,false_negative
CUST_003789,0,0,0.17098711055255605,logistic_regression,v1,EXP_001,correct
CUST_004725,0,0,0.45245920439176973,logistic_regression,v1,EXP_001,correct
CUST_004436,0,0,0.2824628581116778,logistic_regression,v1,EXP_001,correct
CUST_000548,0,0,0.28525599183070965,logistic_regression,v1,EXP_001,correct
CUST_003621,0,0,0.36282961038444433,logistic_regression,v1,EXP_001,correct
CUST_003171,0,1,0.6787072741768859,logistic_regression,v1,EXP_001,false_positive
CUST_001361,0,0,0.3906767082294543,logistic_regression,v1,EXP_001,correct
CUST_002695,0,0,0.40689788688070727,logistic_regression,v1,EXP_001,correct
CUST_002932,0,0,0.281756406838916,logistic_regression,v1,EXP_001,correct
CUST_004699,0,1,0.7737115591194809,logistic_regression,v1,EXP_001,false_positive
CUST_004629,0,1,0.6266111722392594,logistic_regression,v1,EXP_001,false_positive
CUST_003902,1,1,0.6357181582077084,logistic_regression,v1,EXP_001,correct
CUST_000119,0,0,0.3434403317333738,logistic_regression,v1,EXP_001,correct
CUST_003376,0,0,0.30053859840475433,logistic_regression,v1,EXP_001,correct
CUST_004275,0,1,0.5858198919398419,logistic_regression,v1,EXP_001,false_positive
CUST_000581,0,1,0.6439066765028584,logistic_regression,v1,EXP_001,false_positive
CUST_001236,0,1,0.675097368946266,logistic_regression,v1,EXP_001,false_positive
CUST_001478,0,0,0.46638682557105343,logistic_regression,v1,EXP_001,correct
CUST_002730,0,0,0.3397428460212414,logistic_regression,v1,EXP_001,correct
CUST_002288,0,0,0.1157027623564719,logistic_regression,v1,EXP_001,correct
CUST_000054,0,0,0.3911403202940444,logistic_regression,v1,EXP_001,correct
CUST_002787,0,1,0.5812593835091647,logistic_regression,v1,EXP_001,false_positive
CUST_004604,0,0,0.47248420374196204,logistic_regression,v1,EXP_001,correct
CUST_000265,0,0,0.461020729665489,logistic_regression,v1,EXP_001,correct
CUST_004872,0,0,0.35984178016905133,logistic_regression,v1,EXP_001,correct
CUST_001349,0,1,0.8225505468840488,logistic_regression,v1,EXP_001,false_positive
CUST_004099,0,0,0.34065562424967627,logistic_regression,v1,EXP_001,correct
CUST_003251,1,1,0.577859861980099,logistic_regression,v1,EXP_001,correct
CUST_002477,0,1,0.5037607254819392,logistic_regression,v1,EXP_001,false_positive
CUST_002149,1,0,0.43918075388973943,logistic_regression,v1,EXP_001,false_negative
CUST_001151,0,0,0.44092987829851055,logistic_regression,v1,EXP_001,correct
CUST_003364,0,0,0.49424570270848545,logistic_regression,v1,EXP_001,correct
CUST_003095,0,0,0.3352611252565895,logistic_regression,v1,EXP_001,correct
CUST_003859,1,1,0.867322961542083,logistic_regression,v1,EXP_001,correct
CUST_002272,0,1,0.6703436164086427,logistic_regression,v1,EXP_001,false_positive
CUST_004104,0,0,0.45950963671515915,logistic_regression,v1,EXP_001,correct
CUST_004864,0,0,0.44787155800585216,logistic_regression,v1,EXP_001,correct
CUST_002045,0,0,0.3182385280271404,logistic_regression,v1,EXP_001,correct
CUST_000681,0,1,0.5832354675166649,logistic_regression,v1,EXP_001,false_positive
CUST_004561,0,0,0.358941564114015,logistic_regression,v1,EXP_001,correct
CUST_004379,1,1,0.7681914592900312,logistic_regression,v1,EXP_001,correct
CUST_001518,0,0,0.4412377117771098,logistic_regression,v1,EXP_001,correct
CUST_002492,0,0,0.49677858732846464,logistic_regression,v1,EXP_001,correct
CUST_003426,0,1,0.5185757795539359,logistic_regression,v1,EXP_001,false_positive
CUST_003699,0,0,0.4570291832344254,logistic_regression,v1,EXP_001,correct
CUST_004574,0,1,0.5621021878568826,logistic_regression,v1,EXP_001,false_positive
CUST_003303,1,1,0.5700529021455728,logistic_regression,v1,EXP_001,correct
CUST_001784,0,0,0.43083607260713996,logistic_regression,v1,EXP_001,correct
CUST_002648,0,0,0.4495473635273115,logistic_regression,v1,EXP_001,correct
CUST_004825,0,0,0.28858010598285705,logistic_regression,v1,EXP_001,correct
CUST_001813,1,1,0.5197570190172149,logistic_regression,v1,EXP_001,correct
CUST_003384,0,0,0.40013052779407193,logistic_regression,v1,EXP_001,correct
CUST_000779,0,0,0.4859541906395459,logistic_regression,v1,EXP_001,correct
CUST_000044,0,0,0.4257184473769088,logistic_regression,v1,EXP_001,correct
CUST_001370,0,1,0.557024473411141,logistic_regression,v1,EXP_001,false_positive
CUST_000993,0,1,0.6094976765179817,logistic_regression,v1,EXP_001,false_positive
CUST_004167,0,0,0.4964089646064136,logistic_regression,v1,EXP_001,correct
CUST_000200,1,0,0.4124298719020819,logistic_regression,v1,EXP_001,false_negative
CUST_004605,0,0,0.3803672477610191,logistic_regression,v1,EXP_001,correct
CUST_004668,0,0,0.24588860173790908,logistic_regression,v1,EXP_001,correct
CUST_000791,0,1,0.6031793937557772,logistic_regression,v1,EXP_001,false_positive
CUST_000896,0,0,0.3764953972152976,logistic_regression,v1,EXP_001,correct
CUST_002775,0,0,0.3876326488229433,logistic_regression,v1,EXP_001,correct
CUST_003595,0,0,0.36290309579957675,logistic_regression,v1,EXP_001,correct
CUST_002008,0,0,0.40740400140049315,logistic_regression,v1,EXP_001,correct
CUST_000486,0,0,0.2405558673051499,logistic_regression,v1,EXP_001,correct
CUST_002238,0,0,0.09859631361701106,logistic_regression,v1,EXP_001,correct
CUST_000468,0,0,0.34842451547584496,logistic_regression,v1,EXP_001,correct
CUST_004689,0,1,0.699996762700305,logistic_regression,v1,EXP_001,false_positive
CUST_002577,1,1,0.8899969632417072,logistic_regression,v1,EXP_001,correct
CUST_001736,0,0,0.1427255383536424,logistic_regression,v1,EXP_001,correct
CUST_002993,0,1,0.5104986392313215,logistic_regression,v1,EXP_001,false_positive
CUST_000291,0,0,0.49272458393559593,logistic_regression,v1,EXP_001,correct
CUST_003720,0,1,0.5921160801788189,logistic_regression,v1,EXP_001,false_positive
CUST_002076,1,1,0.5702265684664914,logistic_regression,v1,EXP_001,correct
CUST_001380,0,0,0.13269603971925772,logistic_regression,v1,EXP_001,correct
CUST_002917,1,0,0.2757568748980165,logistic_regression,v1,EXP_001,false_negative
CUST_002494,0,1,0.5330122557050897,logistic_regression,v1,EXP_001,false_positive
CUST_003776,1,0,0.3874780662104501,logistic_regression,v1,EXP_001,false_negative
CUST_003561,0,0,0.2326175702230193,logistic_regression,v1,EXP_001,correct
CUST_003528,0,1,0.923949762276618,logistic_regression,v1,EXP_001,false_positive
CUST_001858,0,0,0.34336994022460376,logistic_regression,v1,EXP_001,correct
CUST_001053,0,1,0.5382193475754445,logistic_regression,v1,EXP_001,false_positive
CUST_003516,0,1,0.6614803839737945,logistic_regression,v1,EXP_001,false_positive
CUST_000359,0,1,0.7346813424849671,logistic_regression,v1,EXP_001,false_positive
CUST_000529,0,0,0.41719654857029526,logistic_regression,v1,EXP_001,correct
CUST_001808,0,1,0.8238046881810455,logistic_regression,v1,EXP_001,false_positive
CUST_004263,0,0,0.30241423827949415,logistic_regression,v1,EXP_001,correct
CUST_003509,0,0,0.3325393396746387,logistic_regression,v1,EXP_001,correct
CUST_003829,0,0,0.2806612911849571,logistic_regression,v1,EXP_001,correct
CUST_001218,0,0,0.3628411645872448,logistic_regression,v1,EXP_001,correct
CUST_000245,1,0,0.22027913304157767,logistic_regression,v1,EXP_001,false_negative
CUST_002157,0,1,0.5066457994182986,logistic_regression,v1,EXP_001,false_positive
CUST_002579,0,0,0.4991563019060395,logistic_regression,v1,EXP_001,correct
CUST_003849,0,0,0.228921391530512,logistic_regression,v1,EXP_001,correct
CUST_001576,0,1,0.8576681872062084,logistic_regression,v1,EXP_001,false_positive
CUST_004045,0,0,0.36197665223737063,logistic_regression,v1,EXP_001,correct
CUST_001391,0,0,0.32650178503316063,logistic_regression,v1,EXP_001,correct
CUST_000146,0,0,0.3740442130905572,logistic_regression,v1,EXP_001,correct
CUST_000190,0,0,0.4931390698681903,logistic_regression,v1,EXP_001,correct
CUST_001401,0,0,0.40218060544987616,logistic_regression,v1,EXP_001,correct
CUST_004020,0,0,0.40086426367705047,logistic_regression,v1,EXP_001,correct
CUST_003646,1,1,0.8492051106937183,logistic_regression,v1,EXP_001,correct
CUST_003293,0,0,0.29987234546387315,logistic_regression,v1,EXP_001,correct
CUST_002026,0,1,0.7146856551040226,logistic_regression,v1,EXP_001,false_positive
CUST_004849,0,1,0.5654178706277337,logistic_regression,v1,EXP_001,false_positive
CUST_003182,1,1,0.7850983080341273,logistic_regression,v1,EXP_001,correct
CUST_003771,0,1,0.7831325493940333,logistic_regression,v1,EXP_001,false_positive
CUST_002973,1,1,0.5090070196553613,logistic_regression,v1,EXP_001,correct
CUST_000950,0,1,0.6233487451821854,logistic_regression,v1,EXP_001,false_positive
CUST_004501,0,0,0.459444427826089,logistic_regression,v1,EXP_001,correct
CUST_004855,0,0,0.13630908515067497,logistic_regression,v1,EXP_001,correct
CUST_000287,0,0,0.21382201970280754,logistic_regression,v1,EXP_001,correct
CUST_001823,0,0,0.2883867219504325,logistic_regression,v1,EXP_001,correct
CUST_003744,0,0,0.2581498571806853,logistic_regression,v1,EXP_001,correct
CUST_002250,0,1,0.7340429564494254,logistic_regression,v1,EXP_001,false_positive
CUST_002140,0,0,0.30631468219723446,logistic_regression,v1,EXP_001,correct
CUST_003343,0,0,0.45107963561346054,logistic_regression,v1,EXP_001,correct
CUST_003150,0,1,0.5650407513307586,logistic_regression,v1,EXP_001,false_positive
CUST_003283,0,1,0.5785511709880178,logistic_regression,v1,EXP_001,false_positive
CUST_003698,0,1,0.6164615769070226,logistic_regression,v1,EXP_001,false_positive
CUST_003038,0,1,0.532235941476227,logistic_regression,v1,EXP_001,false_positive
CUST_002499,0,1,0.6834225890626932,logistic_regression,v1,EXP_001,false_positive
CUST_004740,0,0,0.2597635309737116,logistic_regression,v1,EXP_001,correct
CUST_002774,0,1,0.5878909064365891,logistic_regression,v1,EXP_001,false_positive
CUST_004762,0,0,0.2141353174461609,logistic_regression,v1,EXP_001,correct
CUST_004199,0,0,0.4757911734398528,logistic_regression,v1,EXP_001,correct
CUST_003068,0,1,0.6142454935464909,logistic_regression,v1,EXP_001,false_positive
CUST_004760,0,1,0.5210988209176968,logistic_regression,v1,EXP_001,false_positive
CUST_002946,0,0,0.2789542566445185,logistic_regression,v1,EXP_001,correct
CUST_002284,0,0,0.30416809484859103,logistic_regression,v1,EXP_001,correct
CUST_003357,1,1,0.7775854321241426,logistic_regression,v1,EXP_001,correct
CUST_000986,1,1,0.6222282084492498,logistic_regression,v1,EXP_001,correct
CUST_003177,0,0,0.2570950107140915,logistic_regression,v1,EXP_001,correct
CUST_001977,0,0,0.42325979517743323,logistic_regression,v1,EXP_001,correct
CUST_003519,0,0,0.39329077130102147,logistic_regression,v1,EXP_001,correct
CUST_002997,1,1,0.8867593839571222,logistic_regression,v1,EXP_001,correct
CUST_001670,1,1,0.8963047928125258,logistic_regression,v1,EXP_001,correct
CUST_004179,1,1,0.8699869963217542,logistic_regression,v1,EXP_001,correct
CUST_002951,0,1,0.5888262853985115,logistic_regression,v1,EXP_001,false_positive
CUST_000915,0,1,0.7211064521640901,logistic_regression,v1,EXP_001,false_positive
CUST_000021,1,1,0.8042071937699588,logistic_regression,v1,EXP_001,correct
CUST_000234,0,0,0.15402074508333466,logistic_regression,v1,EXP_001,correct
CUST_003851,0,0,0.21905520896227842,logistic_regression,v1,EXP_001,correct
CUST_004959,0,0,0.2329860797352537,logistic_regression,v1,EXP_001,correct
CUST_000768,0,0,0.3209149814866549,logistic_regression,v1,EXP_001,correct
CUST_002099,1,1,0.7044168054332725,logistic_regression,v1,EXP_001,correct
CUST_002848,0,0,0.2555616625693669,logistic_regression,v1,EXP_001,correct
CUST_002489,0,0,0.4720060848873946,logistic_regression,v1,EXP_001,correct
CUST_003028,1,0,0.42952884002368485,logistic_regression,v1,EXP_001,false_negative
CUST_004666,0,0,0.3232406591799052,logistic_regression,v1,EXP_001,correct
CUST_003597,0,0,0.3743449942733744,logistic_regression,v1,EXP_001,correct
CUST_000105,0,0,0.4242819739960015,logistic_regression,v1,EXP_001,correct
CUST_004649,0,1,0.5386874784150477,logistic_regression,v1,EXP_001,false_positive
CUST_000852,0,1,0.7691236173956818,logistic_regression,v1,EXP_001,false_positive
CUST_004234,0,0,0.3131564558593539,logistic_regression,v1,EXP_001,correct
CUST_002880,0,0,0.4152451713127899,logistic_regression,v1,EXP_001,correct
CUST_003395,1,1,0.7456384344423868,logistic_regression,v1,EXP_001,correct
CUST_001731,0,0,0.13764381517084512,logistic_regression,v1,EXP_001,correct
CUST_003710,0,0,0.17121549256955335,logistic_regression,v1,EXP_001,correct
CUST_001072,0,1,0.6366201580672567,logistic_regression,v1,EXP_001,false_positive
CUST_003229,0,0,0.4435710463224279,logistic_regression,v1,EXP_001,correct
CUST_003787,1,1,0.672531361629484,logistic_regression,v1,EXP_001,correct
CUST_003999,0,0,0.3187103902239716,logistic_regression,v1,EXP_001,correct
CUST_003637,0,0,0.19786887882771614,logistic_regression,v1,EXP_001,correct
CUST_003057,0,0,0.3105579828251507,logistic_regression,v1,EXP_001,correct
CUST_000003,0,1,0.6444990475786889,logistic_regression,v1,EXP_001,false_positive
CUST_001549,0,0,0.3351311934024321,logistic_regression,v1,EXP_001,correct
CUST_000690,1,0,0.2590131443618603,logistic_regression,v1,EXP_001,false_negative
CUST_003036,0,0,0.44860500639736567,logistic_regression,v1,EXP_001,correct
CUST_004192,1,0,0.3172709651257986,logistic_regression,v1,EXP_001,false_negative
CUST_000167,0,0,0.34767083827602757,logistic_regression,v1,EXP_001,correct
CUST_004802,0,0,0.41498321819967554,logistic_regression,v1,EXP_001,correct
CUST_004520,1,1,0.5070457115211118,logistic_regression,v1,EXP_001,correct
CUST_002314,0,1,0.5373218416456697,logistic_regression,v1,EXP_001,false_positive
CUST_004291,0,0,0.4056735850717344,logistic_regression,v1,EXP_001,correct
CUST_002878,0,1,0.5250829239669806,logistic_regression,v1,EXP_001,false_positive
CUST_002731,0,1,0.5412250170788392,logistic_regression,v1,EXP_001,false_positive
CUST_001467,1,0,0.46641358247654763,logistic_regression,v1,EXP_001,false_negative
CUST_003811,0,0,0.2802958768582648,logistic_regression,v1,EXP_001,correct
CUST_002224,0,0,0.17095889829309602,logistic_regression,v1,EXP_001,correct
CUST_004840,0,0,0.18470167068939153,logistic_regression,v1,EXP_001,correct
CUST_004620,0,1,0.5599141224489085,logistic_regression,v1,EXP_001,false_positive
CUST_004510,0,0,0.38756096916635147,logistic_regression,v1,EXP_001,correct
CUST_003598,0,1,0.5304334795157477,logistic_regression,v1,EXP_001,false_positive
CUST_004541,0,0,0.2542107050002673,logistic_regression,v1,EXP_001,correct
CUST_004642,0,0,0.39913381207812954,logistic_regression,v1,EXP_001,correct
CUST_003555,0,1,0.6332757542241367,logistic_regression,v1,EXP_001,false_positive
CUST_004543,0,1,0.5955700801874649,logistic_regression,v1,EXP_001,false_positive
CUST_004489,1,0,0.39560558698625126,logistic_regression,v1,EXP_001,false_negative
CUST_004960,0,1,0.6991853230863656,logistic_regression,v1,EXP_001,false_positive
CUST_003440,0,0,0.17103142922257145,logistic_regression,v1,EXP_001,correct
CUST_000947,0,1,0.5743737503249197,logistic_regression,v1,EXP_001,false_positive
CUST_001922,0,0,0.237053740984221,logistic_regression,v1,EXP_001,correct
CUST_002535,0,0,0.37490401485843544,logistic_regression,v1,EXP_001,correct
CUST_000842,0,0,0.43314962600176093,logistic_regression,v1,EXP_001,correct
CUST_004729,0,0,0.19933987942025164,logistic_regression,v1,EXP_001,correct
CUST_002030,0,1,0.6402608069247534,logistic_regression,v1,EXP_001,false_positive
CUST_003230,0,0,0.288043317439833,logistic_regression,v1,EXP_001,correct
CUST_001230,1,1,0.6464429315332814,logistic_regression,v1,EXP_001,correct
CUST_002035,0,0,0.30924878954461615,logistic_regression,v1,EXP_001,correct
CUST_002199,1,1,0.6535207943722628,logistic_regression,v1,EXP_001,correct
CUST_003627,1,1,0.5390279648595011,logistic_regression,v1,EXP_001,correct
CUST_000183,0,1,0.5633247913379003,logistic_regression,v1,EXP_001,false_positive
CUST_001640,0,0,0.4621686944520051,logistic_regression,v1,EXP_001,correct
CUST_002077,0,0,0.28735256839953605,logistic_regression,v1,EXP_001,correct
CUST_003301,0,0,0.23638966251653729,logistic_regression,v1,EXP_001,correct
CUST_001214,0,1,0.5764237838456298,logistic_regression,v1,EXP_001,false_positive
CUST_000770,0,1,0.5078054734216416,logistic_regression,v1,EXP_001,false_positive
CUST_002957,0,1,0.5995383232220103,logistic_regression,v1,EXP_001,false_positive
CUST_002733,0,0,0.3237305538579719,logistic_regression,v1,EXP_001,correct
CUST_001794,0,0,0.11783001862074692,logistic_regression,v1,EXP_001,correct
CUST_003732,0,0,0.39538136275877234,logistic_regression,v1,EXP_001,correct
CUST_000988,0,1,0.6962882392815509,logistic_regression,v1,EXP_001,false_positive
CUST_004895,0,1,0.5107504510449137,logistic_regression,v1,EXP_001,false_positive
CUST_000136,1,1,0.8585976103826553,logistic_regression,v1,EXP_001,correct
CUST_001147,0,0,0.41958191485305785,logistic_regression,v1,EXP_001,correct
CUST_001337,0,0,0.43082170149110477,logistic_regression,v1,EXP_001,correct
CUST_000226,0,0,0.1489926418081001,logistic_regression,v1,EXP_001,correct
CUST_003709,0,0,0.4367738795537001,logistic_regression,v1,EXP_001,correct
CUST_001191,0,0,0.28812686420776495,logistic_regression,v1,EXP_001,correct
CUST_002854,0,1,0.6471177167309881,logistic_regression,v1,EXP_001,false_positive
CUST_003015,0,1,0.6691608660201586,logistic_regression,v1,EXP_001,false_positive
CUST_003948,0,0,0.41927085046164964,logistic_regression,v1,EXP_001,correct
CUST_004138,0,1,0.6675986409777345,logistic_regression,v1,EXP_001,false_positive
CUST_003146,0,0,0.37764793823406734,logistic_regression,v1,EXP_001,correct
CUST_001262,0,0,0.4428613038752359,logistic_regression,v1,EXP_001,correct
CUST_003554,1,1,0.7001112926185221,logistic_regression,v1,EXP_001,correct
CUST_003943,1,0,0.33794216454869436,logistic_regression,v1,EXP_001,false_negative
CUST_003815,1,0,0.40991810773942355,logistic_regression,v1,EXP_001,false_negative
CUST_001499,1,0,0.47952270502243277,logistic_regression,v1,EXP_001,false_negative
CUST_003512,0,0,0.3885429207865698,logistic_regression,v1,EXP_001,correct
CUST_002386,0,0,0.2323869292020079,logistic_regression,v1,EXP_001,correct
CUST_002390,0,0,0.3791139582597267,logistic_regression,v1,EXP_001,correct
CUST_001382,0,1,0.6825319777380925,logistic_regression,v1,EXP_001,false_positive
CUST_000007,0,0,0.4870538744744899,logistic_regression,v1,EXP_001,correct
CUST_001342,0,0,0.17189010605588306,logistic_regression,v1,EXP_001,correct
CUST_002206,1,0,0.43958596506830055,logistic_regression,v1,EXP_001,false_negative
CUST_000635,0,1,0.5089212571693711,logistic_regression,v1,EXP_001,false_positive
CUST_000477,0,0,0.46398731165229967,logistic_regression,v1,EXP_001,correct
CUST_002527,1,0,0.2709752519077398,logistic_regression,v1,EXP_001,false_negative
CUST_003263,0,0,0.3117518800448366,logistic_regression,v1,EXP_001,correct
CUST_003577,0,0,0.3468665965831186,logistic_regression,v1,EXP_001,correct
CUST_002807,0,0,0.3907752577696944,logistic_regression,v1,EXP_001,correct
CUST_000912,0,0,0.4421412438238995,logistic_regression,v1,EXP_001,correct
CUST_001891,0,0,0.20807131758424346,logistic_regression,v1,EXP_001,correct
CUST_001996,0,0,0.34585162884947196,logistic_regression,v1,EXP_001,correct
CUST_004015,0,1,0.7572825661092635,logistic_regression,v1,EXP_001,false_positive
CUST_000449,0,0,0.39551269972743464,logistic_regression,v1,EXP_001,correct
CUST_001149,0,0,0.2353236242808678,logistic_regression,v1,EXP_001,correct
CUST_002027,0,0,0.3892232893921366,logistic_regression,v1,EXP_001,correct
CUST_003203,0,0,0.21516182023270228,logistic_regression,v1,EXP_001,correct
CUST_001220,1,1,0.6449958838131201,logistic_regression,v1,EXP_001,correct
CUST_003310,1,1,0.7098912448844866,logistic_regression,v1,EXP_001,correct
CUST_001973,0,0,0.4564928587337447,logistic_regression,v1,EXP_001,correct
CUST_000553,0,0,0.21940912116989963,logistic_regression,v1,EXP_001,correct
CUST_003333,0,1,0.5071414339531137,logistic_regression,v1,EXP_001,false_positive
CUST_003858,1,1,0.8578144432215185,logistic_regression,v1,EXP_001,correct
CUST_004597,0,1,0.518036968643608,logistic_regression,v1,EXP_001,false_positive
CUST_001464,0,0,0.227057260711492,logistic_regression,v1,EXP_001,correct
CUST_000877,0,0,0.14331956405658924,logistic_regression,v1,EXP_001,correct
CUST_003079,0,0,0.46592565211376563,logistic_regression,v1,EXP_001,correct
CUST_004391,1,1,0.5662704256451339,logistic_regression,v1,EXP_001,correct
CUST_003996,1,1,0.7451164283604567,logistic_regression,v1,EXP_001,correct
CUST_004087,0,0,0.4504757884256698,logistic_regression,v1,EXP_001,correct
CUST_002036,0,0,0.4068295769868958,logistic_regression,v1,EXP_001,correct
CUST_000996,0,1,0.7392548513407617,logistic_regression,v1,EXP_001,false_positive
CUST_003740,1,1,0.8497335361878481,logistic_regression,v1,EXP_001,correct
CUST_004779,0,0,0.2616662435732926,logistic_regression,v1,EXP_001,correct
CUST_000563,1,1,0.7601950729001007,logistic_regression,v1,EXP_001,correct
CUST_000998,0,0,0.41925539722615984,logistic_regression,v1,EXP_001,correct
CUST_004075,1,1,0.5520071526785703,logistic_regression,v1,EXP_001,correct
CUST_003060,0,0,0.35278686925175295,logistic_regression,v1,EXP_001,correct
CUST_000751,0,0,0.35362338497291884,logistic_regression,v1,EXP_001,correct
CUST_000588,1,0,0.293780881348444,logistic_regression,v1,EXP_001,false_negative
CUST_002279,0,0,0.490034746085521,logistic_regression,v1,EXP_001,correct
CUST_003285,0,1,0.5414929880232228,logistic_regression,v1,EXP_001,false_positive
CUST_000492,0,0,0.4455573683867397,logistic_regression,v1,EXP_001,correct
CUST_002697,0,1,0.5071231328315262,logistic_regression,v1,EXP_001,false_positive
CUST_004032,0,1,0.6699298383403541,logistic_regression,v1,EXP_001,false_positive
CUST_001376,0,0,0.2773555736598484,logistic_regression,v1,EXP_001,correct
CUST_003429,0,0,0.16468962997592856,logistic_regression,v1,EXP_001,correct
CUST_004678,1,0,0.4468852509067425,logistic_regression,v1,EXP_001,false_negative
CUST_004248,0,1,0.5710327637246563,logistic_regression,v1,EXP_001,false_positive
CUST_004544,0,1,0.6879177687540529,logistic_regression,v1,EXP_001,false_positive
CUST_002293,0,1,0.6579980089958246,logistic_regression,v1,EXP_001,false_positive
CUST_000899,1,1,0.515823921588118,logistic_regression,v1,EXP_001,correct
CUST_003785,0,1,0.5939362823749091,logistic_regression,v1,EXP_001,false_positive
CUST_004726,0,0,0.3952699436437661,logistic_regression,v1,EXP_001,correct
CUST_004868,0,0,0.3596830935316515,logistic_regression,v1,EXP_001,correct
CUST_004542,0,0,0.21731469299149314,logistic_regression,v1,EXP_001,correct
CUST_004983,0,1,0.6690357865193824,logistic_regression,v1,EXP_001,false_positive
CUST_000604,0,1,0.6552436424538474,logistic_regression,v1,EXP_001,false_positive
CUST_000660,0,0,0.22442802566850148,logistic_regression,v1,EXP_001,correct
CUST_001017,0,0,0.4619771442076453,logistic_regression,v1,EXP_001,correct
CUST_002699,0,1,0.6319657535072785,logistic_regression,v1,EXP_001,false_positive
CUST_000114,0,0,0.391428356175995,logistic_regression,v1,EXP_001,correct
CUST_004116,1,1,0.7450912570018329,logistic_regression,v1,EXP_001,correct
CUST_001039,0,1,0.6801644332724092,logistic_regression,v1,EXP_001,false_positive
CUST_000240,0,1,0.5808081905782013,logistic_regression,v1,EXP_001,false_positive
CUST_004025,0,1,0.6443030680018971,logistic_regression,v1,EXP_001,false_positive
CUST_003290,0,0,0.21773763940037977,logistic_regression,v1,EXP_001,correct
CUST_001029,0,0,0.4622130821421412,logistic_regression,v1,EXP_001,correct
CUST_001271,0,1,0.7995356426879089,logistic_regression,v1,EXP_001,false_positive
CUST_001561,0,0,0.4927172674043126,logistic_regression,v1,EXP_001,correct
CUST_003987,1,0,0.37683724948048186,logistic_regression,v1,EXP_001,false_negative
CUST_004165,0,0,0.4318246801843069,logistic_regression,v1,EXP_001,correct
CUST_001666,1,1,0.6918982869895813,logistic_regression,v1,EXP_001,correct
CUST_000722,0,0,0.25913345040472335,logistic_regression,v1,EXP_001,correct
CUST_000749,0,1,0.70835844117568,logistic_regression,v1,EXP_001,false_positive
CUST_003713,1,0,0.44085639832121093,logistic_regression,v1,EXP_001,false_negative
CUST_002198,0,0,0.3746790544579652,logistic_regression,v1,EXP_001,correct
CUST_003372,0,0,0.4625615621269756,logistic_regression,v1,EXP_001,correct
CUST_002318,0,0,0.23781352073430237,logistic_regression,v1,EXP_001,correct
CUST_004270,0,0,0.1766862354524958,logistic_regression,v1,EXP_001,correct
CUST_004747,0,0,0.4788706754023597,logistic_regression,v1,EXP_001,correct
CUST_000587,0,0,0.37676268637088706,logistic_regression,v1,EXP_001,correct
CUST_002638,0,1,0.5292500355226601,logistic_regression,v1,EXP_001,false_positive
CUST_004384,1,1,0.6975090759703224,logistic_regression,v1,EXP_001,correct
CUST_002930,0,1,0.5232350052689339,logistic_regression,v1,EXP_001,false_positive
CUST_004084,0,1,0.7950139421346716,logistic_regression,v1,EXP_001,false_positive
CUST_004042,0,0,0.35014273687248726,logistic_regression,v1,EXP_001,correct
CUST_001385,0,0,0.42052341977731206,logistic_regression,v1,EXP_001,correct
CUST_001594,0,1,0.5827089421100144,logistic_regression,v1,EXP_001,false_positive
CUST_001345,0,1,0.6577906578514557,logistic_regression,v1,EXP_001,false_positive
CUST_001045,1,1,0.8145487260239093,logistic_regression,v1,EXP_001,correct
CUST_000317,0,1,0.6787341823180102,logistic_regression,v1,EXP_001,false_positive
CUST_003491,1,1,0.7927250993454833,logistic_regression,v1,EXP_001,correct
CUST_003222,0,0,0.42011445361718314,logistic_regression,v1,EXP_001,correct
CUST_001153,0,0,0.33717173375455645,logistic_regression,v1,EXP_001,correct
CUST_004781,0,0,0.39902930406116005,logistic_regression,v1,EXP_001,correct
CUST_003670,0,0,0.36168385133558445,logistic_regression,v1,EXP_001,correct
CUST_001393,0,0,0.2122687948037256,logistic_regression,v1,EXP_001,correct
CUST_004418,1,1,0.9659113370197034,logistic_regression,v1,EXP_001,correct
CUST_004340,0,1,0.6326373748815753,logistic_regression,v1,EXP_001,false_positive
CUST_002935,0,0,0.4437086865296685,logistic_regression,v1,EXP_001,correct
CUST_003425,0,0,0.25099412389221665,logistic_regression,v1,EXP_001,correct
CUST_001210,0,0,0.24902219097216616,logistic_regression,v1,EXP_001,correct
CUST_004876,0,0,0.34485931637555106,logistic_regression,v1,EXP_001,correct
CUST_002368,1,1,0.861038199688678,logistic_regression,v1,EXP_001,correct
CUST_003834,0,1,0.6830105190844167,logistic_regression,v1,EXP_001,false_positive
CUST_003258,0,0,0.3795483818534851,logistic_regression,v1,EXP_001,correct
CUST_003202,1,1,0.5705433472471932,logistic_regression,v1,EXP_001,correct
CUST_003537,0,0,0.3250731156590149,logistic_regression,v1,EXP_001,correct
CUST_001932,0,0,0.1735669924290546,logistic_regression,v1,EXP_001,correct
CUST_001054,1,1,0.588045913812348,logistic_regression,v1,EXP_001,correct
CUST_001558,0,0,0.2940750726882945,logistic_regression,v1,EXP_001,correct
CUST_003247,0,0,0.34868392142532006,logistic_regression,v1,EXP_001,correct
CUST_004193,0,1,0.5288883753678734,logistic_regression,v1,EXP_001,false_positive
CUST_001454,0,0,0.4618393455647284,logistic_regression,v1,EXP_001,correct
CUST_001684,0,0,0.2123243309030727,logistic_regression,v1,EXP_001,correct
CUST_004587,1,0,0.49588358205101835,logistic_regression,v1,EXP_001,false_negative
CUST_001048,0,1,0.7664214235205924,logistic_regression,v1,EXP_001,false_positive
CUST_001143,0,0,0.4686443453986421,logistic_regression,v1,EXP_001,correct
CUST_001563,0,1,0.671974720518476,logistic_regression,v1,EXP_001,false_positive
CUST_004371,0,0,0.4668873496301154,logistic_regression,v1,EXP_001,correct
CUST_001169,0,1,0.6761195950858261,logistic_regression,v1,EXP_001,false_positive
CUST_002173,0,1,0.5758906839699619,logistic_regression,v1,EXP_001,false_positive
CUST_001664,1,0,0.3418757967515068,logistic_regression,v1,EXP_001,false_negative
CUST_002176,0,1,0.7442546933862525,logistic_regression,v1,EXP_001,false_positive
CUST_003089,0,0,0.40539879300051507,logistic_regression,v1,EXP_001,correct
CUST_002611,0,0,0.35418705543922924,logistic_regression,v1,EXP_001,correct
CUST_001773,0,0,0.4825606261966095,logistic_regression,v1,EXP_001,correct
CUST_003936,0,0,0.3448538158451397,logistic_regression,v1,EXP_001,correct
CUST_004029,0,0,0.4724209118007653,logistic_regression,v1,EXP_001,correct
CUST_000088,0,0,0.33018071204882365,logistic_regression,v1,EXP_001,correct
CUST_004198,0,0,0.36293223840078254,logistic_regression,v1,EXP_001,correct
CUST_003716,0,0,0.30776947996791437,logistic_regression,v1,EXP_001,correct
CUST_003794,0,0,0.3329815227283927,logistic_regression,v1,EXP_001,correct
CUST_000042,0,0,0.49674918214439806,logistic_regression,v1,EXP_001,correct
CUST_002028,0,0,0.3881764169079697,logistic_regression,v1,EXP_001,correct
CUST_004294,1,0,0.35893398253791686,logistic_regression,v1,EXP_001,false_negative
CUST_003066,0,1,0.6909524924729731,logistic_regression,v1,EXP_001,false_positive
CUST_003499,0,0,0.25509928105782936,logistic_regression,v1,EXP_001,correct
CUST_001642,0,1,0.5006093310741181,logistic_regression,v1,EXP_001,false_positive
CUST_004186,1,0,0.24927162520206822,logistic_regression,v1,EXP_001,false_negative
CUST_003867,0,0,0.1384043414104618,logistic_regression,v1,EXP_001,correct
CUST_004679,1,1,0.6511221271247896,logistic_regression,v1,EXP_001,correct
CUST_002575,0,1,0.8892690964897726,logistic_regression,v1,EXP_001,false_positive
CUST_001073,0,0,0.3432848949609577,logistic_regression,v1,EXP_001,correct
CUST_000594,0,1,0.5682019490312018,logistic_regression,v1,EXP_001,false_positive
CUST_000773,1,1,0.6210157622421248,logistic_regression,v1,EXP_001,correct
CUST_001782,0,1,0.5274129634844028,logistic_regression,v1,EXP_001,false_positive
CUST_001146,1,1,0.5484642148484226,logistic_regression,v1,EXP_001,correct
CUST_004717,1,0,0.4592441057541567,logistic_regression,v1,EXP_001,false_negative
CUST_004347,0,1,0.6297866654724236,logistic_regression,v1,EXP_001,false_positive
CUST_003971,0,0,0.33960211066197066,logistic_regression,v1,EXP_001,correct
CUST_003764,0,1,0.6627369229572053,logistic_regression,v1,EXP_001,false_positive
CUST_004702,0,0,0.4164453135135384,logistic_regression,v1,EXP_001,correct
CUST_002518,0,0,0.26830482171636366,logistic_regression,v1,EXP_001,correct
CUST_002414,0,0,0.3013348541209783,logistic_regression,v1,EXP_001,correct
CUST_002205,0,0,0.43199584453480616,logistic_regression,v1,EXP_001,correct
CUST_004376,0,0,0.3665430543798395,logistic_regression,v1,EXP_001,correct
CUST_002046,0,0,0.4340262250350477,logistic_regression,v1,EXP_001,correct
CUST_003287,0,1,0.584656719628712,logistic_regression,v1,EXP_001,false_positive
CUST_000719,0,1,0.6233275773882885,logistic_regression,v1,EXP_001,false_positive
CUST_004523,1,0,0.3201527610618832,logistic_regression,v1,EXP_001,false_negative
CUST_001597,0,0,0.15577282632012862,logistic_regression,v1,EXP_001,correct
CUST_004290,0,0,0.34949808574933333,logistic_regression,v1,EXP_001,correct
CUST_002683,0,0,0.2992926483304055,logistic_regression,v1,EXP_001,correct
CUST_000133,0,0,0.3493439641803724,logistic_regression,v1,EXP_001,correct
CUST_002134,0,0,0.4766658229592688,logistic_regression,v1,EXP_001,correct
CUST_000759,0,0,0.28382528446733485,logistic_regression,v1,EXP_001,correct
CUST_000378,0,1,0.7662776066676641,logistic_regression,v1,EXP_001,false_positive
CUST_004673,0,0,0.22900887219080593,logistic_regression,v1,EXP_001,correct
CUST_003882,0,0,0.33404108520084674,logistic_regression,v1,EXP_001,correct
CUST_003373,0,0,0.4196212048443057,logistic_regression,v1,EXP_001,correct
CUST_004838,0,1,0.5016622764214763,logistic_regression,v1,EXP_001,false_positive
CUST_000651,0,0,0.3380496680528251,logistic_regression,v1,EXP_001,correct
CUST_000470,0,0,0.27485019992680665,logistic_regression,v1,EXP_001,correct
CUST_001774,0,0,0.3316007464518175,logistic_regression,v1,EXP_001,correct
CUST_004894,0,1,0.6580135312862508,logistic_regression,v1,EXP_001,false_positive
CUST_003875,0,1,0.6099140668278832,logistic_regression,v1,EXP_001,false_positive
CUST_002877,0,0,0.2767762973399915,logistic_regression,v1,EXP_001,correct
CUST_003505,1,0,0.4728549369048326,logistic_regression,v1,EXP_001,false_negative
CUST_003339,0,0,0.23696022095800465,logistic_regression,v1,EXP_001,correct
CUST_003352,0,0,0.37883498566400914,logistic_regression,v1,EXP_001,correct
CUST_003320,1,1,0.5536950041131402,logistic_regression,v1,EXP_001,correct
CUST_004306,0,0,0.3594263862291078,logistic_regression,v1,EXP_001,correct
CUST_001677,1,0,0.3011968616052294,logistic_regression,v1,EXP_001,false_negative
CUST_001939,0,0,0.40244775834523216,logistic_regression,v1,EXP_001,correct
CUST_003953,0,1,0.7234043553806684,logistic_regression,v1,EXP_001,false_positive
CUST_004553,0,1,0.5959143809942229,logistic_regression,v1,EXP_001,false_positive
CUST_003081,0,0,0.3927057973520737,logistic_regression,v1,EXP_001,correct
CUST_003628,1,1,0.775805898134668,logistic_regression,v1,EXP_001,correct
CUST_000440,0,1,0.8004051207143458,logistic_regression,v1,EXP_001,false_positive
CUST_003019,0,1,0.5096010584311631,logistic_regression,v1,EXP_001,false_positive
CUST_004844,0,0,0.27746273235582164,logistic_regression,v1,EXP_001,correct
CUST_004072,0,0,0.4023145343305844,logistic_regression,v1,EXP_001,correct
CUST_001272,0,0,0.4062763932214517,logistic_regression,v1,EXP_001,correct
CUST_000959,1,1,0.7582747024764541,logistic_regression,v1,EXP_001,correct
CUST_003503,1,0,0.41497243077001744,logistic_regression,v1,EXP_001,false_negative
CUST_000688,0,0,0.271192647772074,logistic_regression,v1,EXP_001,correct
CUST_000275,0,0,0.19691942437774962,logistic_regression,v1,EXP_001,correct
CUST_002999,0,1,0.513381401509218,logistic_regression,v1,EXP_001,false_positive
CUST_002659,0,1,0.6465351527739402,logistic_regression,v1,EXP_001,false_positive
CUST_001246,0,0,0.24696857068492362,logistic_regression,v1,EXP_001,correct
CUST_003455,0,0,0.17046598734399585,logistic_regression,v1,EXP_001,correct
CUST_000106,0,0,0.3836024110683116,logistic_regression,v1,EXP_001,correct
CUST_003424,0,0,0.424622076957701,logistic_regression,v1,EXP_001,correct
CUST_004661,0,1,0.8250222238724658,logistic_regression,v1,EXP_001,false_positive
CUST_001416,0,0,0.29596809578948036,logistic_regression,v1,EXP_001,correct
CUST_004920,0,0,0.15714999633182022,logistic_regression,v1,EXP_001,correct
CUST_003039,0,1,0.6610584532803865,logistic_regression,v1,EXP_001,false_positive
CUST_002012,0,0,0.20004370138553423,logistic_regression,v1,EXP_001,correct
CUST_003944,0,0,0.23307366819984346,logistic_regression,v1,EXP_001,correct
CUST_001730,0,0,0.1803168401522488,logistic_regression,v1,EXP_001,correct
CUST_004189,0,0,0.38336254505790396,logistic_regression,v1,EXP_001,correct
CUST_001004,1,1,0.5567745041068916,logistic_regression,v1,EXP_001,correct
CUST_004663,0,0,0.48571139879282105,logistic_regression,v1,EXP_001,correct
CUST_000697,1,0,0.4352992206245725,logistic_regression,v1,EXP_001,false_negative
CUST_001292,0,0,0.17469720456944673,logistic_regression,v1,EXP_001,correct
CUST_001274,0,0,0.3448809086540937,logistic_regression,v1,EXP_001,correct
CUST_004452,0,0,0.33311214687309904,logistic_regression,v1,EXP_001,correct
CUST_003386,0,0,0.38978673643999956,logistic_regression,v1,EXP_001,correct
CUST_003358,0,1,0.7302122960370759,logistic_regression,v1,EXP_001,false_positive
CUST_000777,0,0,0.45403478416146154,logistic_regression,v1,EXP_001,correct
CUST_003887,1,1,0.7536650400553786,logistic_regression,v1,EXP_001,correct
CUST_002463,0,0,0.08968654310544956,logistic_regression,v1,EXP_001,correct
CUST_003576,0,0,0.30390562882130456,logistic_regression,v1,EXP_001,correct
CUST_001110,1,1,0.6141964775696919,logistic_regression,v1,EXP_001,correct
CUST_001049,0,0,0.3718230781777026,logistic_regression,v1,EXP_001,correct
CUST_004623,0,1,0.5051355033790557,logistic_regression,v1,EXP_001,false_positive
CUST_003784,0,0,0.25172411783982035,logistic_regression,v1,EXP_001,correct
CUST_001895,0,1,0.5538247686966538,logistic_regression,v1,EXP_001,false_positive
CUST_002361,1,1,0.6720076061646665,logistic_regression,v1,EXP_001,correct
CUST_002034,0,0,0.3991540836705364,logistic_regression,v1,EXP_001,correct
CUST_004756,0,0,0.3111776642458801,logistic_regression,v1,EXP_001,correct
CUST_002356,0,0,0.3555788081148277,logistic_regression,v1,EXP_001,correct
CUST_000646,0,0,0.4802178925120755,logistic_regression,v1,EXP_001,correct
CUST_004707,0,0,0.13874771504894612,logistic_regression,v1,EXP_001,correct
CUST_002093,1,0,0.2959691254980442,logistic_regression,v1,EXP_001,false_negative
CUST_004730,0,0,0.3349016562355862,logistic_regression,v1,EXP_001,correct
CUST_004277,0,0,0.36099541277390046,logistic_regression,v1,EXP_001,correct
CUST_004773,0,1,0.6595251427210108,logistic_regression,v1,EXP_001,false_positive
CUST_004161,0,1,0.7173415230920599,logistic_regression,v1,EXP_001,false_positive
CUST_001016,0,1,0.8070946802614019,logistic_regression,v1,EXP_001,false_positive
CUST_002473,1,0,0.22393802899430476,logistic_regression,v1,EXP_001,false_negative
CUST_004215,0,0,0.3783952563043926,logistic_regression,v1,EXP_001,correct
CUST_001780,0,0,0.29204161957374347,logistic_regression,v1,EXP_001,correct
CUST_004956,0,0,0.15571015695221013,logistic_regression,v1,EXP_001,correct
CUST_001765,0,0,0.48691538651591865,logistic_regression,v1,EXP_001,correct
CUST_004843,0,1,0.6762720099291022,logistic_regression,v1,EXP_001,false_positive
CUST_001632,1,1,0.5663050716930735,logistic_regression,v1,EXP_001,correct
CUST_003654,0,0,0.43546201994906686,logistic_regression,v1,EXP_001,correct
CUST_001703,0,0,0.4419334200871431,logistic_regression,v1,EXP_001,correct
CUST_002786,1,1,0.5839557582220832,logistic_regression,v1,EXP_001,correct
CUST_002406,0,1,0.5437922195272029,logistic_regression,v1,EXP_001,false_positive
CUST_001831,0,1,0.7057529916000814,logistic_regression,v1,EXP_001,false_positive
CUST_003907,1,1,0.7749085595652123,logistic_regression,v1,EXP_001,correct
CUST_002571,0,0,0.492458694102712,logistic_regression,v1,EXP_001,correct
CUST_000046,0,0,0.4865604116553671,logistic_regression,v1,EXP_001,correct
CUST_002485,0,0,0.24553637552514743,logistic_regression,v1,EXP_001,correct
CUST_000957,0,0,0.4659763353479983,logistic_regression,v1,EXP_001,correct
CUST_000814,0,1,0.7276453106090756,logistic_regression,v1,EXP_001,false_positive
CUST_003082,0,1,0.6038830874670692,logistic_regression,v1,EXP_001,false_positive
CUST_001431,0,0,0.3320043555050588,logistic_regression,v1,EXP_001,correct
CUST_004627,0,1,0.7624538471303309,logistic_regression,v1,EXP_001,false_positive
CUST_001838,0,1,0.556417192996691,logistic_regression,v1,EXP_001,false_positive
CUST_003855,0,0,0.19604591694377602,logistic_regression,v1,EXP_001,correct
CUST_004157,0,0,0.4140954747563871,logistic_regression,v1,EXP_001,correct
CUST_004201,1,0,0.3913637079865726,logistic_regression,v1,EXP_001,false_negative
CUST_003244,0,0,0.3988873344987992,logistic_regression,v1,EXP_001,correct
CUST_000619,0,0,0.24211047957013224,logistic_regression,v1,EXP_001,correct
CUST_000698,0,1,0.8337231390932575,logistic_regression,v1,EXP_001,false_positive
CUST_000745,0,0,0.46410992794777434,logistic_regression,v1,EXP_001,correct
CUST_004465,0,1,0.5436581350161024,logistic_regression,v1,EXP_001,false_positive
CUST_000712,0,1,0.5658604598305764,logistic_regression,v1,EXP_001,false_positive
CUST_003934,0,0,0.465936064705856,logistic_regression,v1,EXP_001,correct
CUST_003002,0,1,0.7790064309337043,logistic_regression,v1,EXP_001,false_positive
CUST_000790,0,1,0.5591445450047926,logistic_regression,v1,EXP_001,false_positive
CUST_003193,0,1,0.841565628934961,logistic_regression,v1,EXP_001,false_positive
CUST_003942,0,0,0.39510458612982013,logistic_regression,v1,EXP_001,correct
CUST_002297,0,0,0.42554760276583065,logistic_regression,v1,EXP_001,correct
CUST_001725,0,0,0.2873295639007926,logistic_regression,v1,EXP_001,correct
CUST_003306,0,1,0.5667221388958777,logistic_regression,v1,EXP_001,false_positive
CUST_001717,1,1,0.82969502644398,logistic_regression,v1,EXP_001,correct
CUST_000893,0,0,0.32180090810088957,logistic_regression,v1,EXP_001,correct
CUST_000532,0,0,0.31671069035895527,logistic_regression,v1,EXP_001,correct
CUST_004113,0,0,0.4169803009949655,logistic_regression,v1,EXP_001,correct
CUST_001828,0,0,0.07087110473929031,logistic_regression,v1,EXP_001,correct
CUST_004493,0,0,0.39218332061184874,logistic_regression,v1,EXP_001,correct
CUST_001020,0,1,0.5041852057257975,logistic_regression,v1,EXP_001,false_positive
CUST_000222,0,1,0.5423351193700339,logistic_regression,v1,EXP_001,false_positive
CUST_002328,0,0,0.3059303706578033,logistic_regression,v1,EXP_001,correct
CUST_003462,0,0,0.2043312989636323,logistic_regression,v1,EXP_001,correct
CUST_004653,0,0,0.2134917176213756,logistic_regression,v1,EXP_001,correct
CUST_002360,0,1,0.5629338391401963,logistic_regression,v1,EXP_001,false_positive
CUST_003275,1,1,0.7616466260910546,logistic_regression,v1,EXP_001,correct
CUST_003408,0,0,0.20496531090703363,logistic_regression,v1,EXP_001,correct
CUST_002806,0,0,0.16797829608495868,logistic_regression,v1,EXP_001,correct
CUST_001824,0,1,0.5403396162403759,logistic_regression,v1,EXP_001,false_positive
CUST_001853,1,0,0.4088050209401948,logistic_regression,v1,EXP_001,false_negative
CUST_000206,0,0,0.12204534091143651,logistic_regression,v1,EXP_001,correct
CUST_001032,0,0,0.43811722735037145,logistic_regression,v1,EXP_001,correct
CUST_003008,1,1,0.5906530167836089,logistic_regression,v1,EXP_001,correct
CUST_001388,0,1,0.5541824229543783,logistic_regression,v1,EXP_001,false_positive
CUST_003488,0,1,0.5855566623817546,logistic_regression,v1,EXP_001,false_positive
CUST_003540,1,1,0.5129969103493428,logistic_regression,v1,EXP_001,correct
CUST_004790,0,0,0.3583002662113884,logistic_regression,v1,EXP_001,correct
CUST_002152,0,1,0.7360707574884947,logistic_regression,v1,EXP_001,false_positive
CUST_004394,0,0,0.440124110057948,logistic_regression,v1,EXP_001,correct
CUST_000924,0,0,0.40244441931163477,logistic_regression,v1,EXP_001,correct
CUST_001195,0,0,0.43491207663819276,logistic_regression,v1,EXP_001,correct
CUST_000573,0,1,0.5026052857601614,logistic_regression,v1,EXP_001,false_positive
CUST_000227,0,0,0.39295655531002743,logistic_regression,v1,EXP_001,correct
CUST_004046,1,1,0.7699697145454002,logistic_regression,v1,EXP_001,correct
CUST_002656,0,0,0.4060073579476023,logistic_regression,v1,EXP_001,correct
CUST_002794,0,0,0.3065905559011691,logistic_regression,v1,EXP_001,correct
CUST_003523,0,0,0.08236471946438624,logistic_regression,v1,EXP_001,correct
CUST_004067,0,1,0.5778229921424832,logistic_regression,v1,EXP_001,false_positive
CUST_004549,0,0,0.28497213984483827,logistic_regression,v1,EXP_001,correct
CUST_001457,0,0,0.4930560168297035,logistic_regression,v1,EXP_001,correct
CUST_003435,1,1,0.7667385812608661,logistic_regression,v1,EXP_001,correct
CUST_003889,0,0,0.2220840695137436,logistic_regression,v1,EXP_001,correct
CUST_001225,0,0,0.3762251572367787,logistic_regression,v1,EXP_001,correct
CUST_002183,0,0,0.45446318398365465,logistic_regression,v1,EXP_001,correct
CUST_000668,1,1,0.5640136192727421,logistic_regression,v1,EXP_001,correct
CUST_000239,0,1,0.5932244515147511,logistic_regression,v1,EXP_001,false_positive
CUST_004938,0,1,0.7989485102425089,logistic_regression,v1,EXP_001,false_positive
CUST_000300,0,0,0.4643729009703926,logistic_regression,v1,EXP_001,correct
CUST_002466,0,0,0.35459036773217034,logistic_regression,v1,EXP_001,correct
CUST_002160,0,1,0.7092630972593035,logistic_regression,v1,EXP_001,false_positive
CUST_001869,0,1,0.586203523798373,logistic_regression,v1,EXP_001,false_positive
CUST_002235,1,1,0.509235587771259,logistic_regression,v1,EXP_001,correct
CUST_003288,0,0,0.23324758326634878,logistic_regression,v1,EXP_001,correct
CUST_000602,0,0,0.30193441565773654,logistic_regression,v1,EXP_001,correct
CUST_002883,0,1,0.5093216197337561,logistic_regression,v1,EXP_001,false_positive
CUST_002194,0,1,0.5410618683199667,logistic_regression,v1,EXP_001,false_positive
CUST_002514,0,0,0.47740936712971427,logistic_regression,v1,EXP_001,correct
CUST_002482,0,1,0.5038946328431576,logistic_regression,v1,EXP_001,false_positive
CUST_004925,1,1,0.662863358762411,logistic_regression,v1,EXP_001,correct
CUST_001905,0,1,0.51340893623757,logistic_regression,v1,EXP_001,false_positive
CUST_000471,0,0,0.49692602597590585,logistic_regression,v1,EXP_001,correct
CUST_000182,0,0,0.48219426604832527,logistic_regression,v1,EXP_001,correct
CUST_002646,0,0,0.293990100430553,logistic_regression,v1,EXP_001,correct
CUST_004443,0,0,0.39881631510277776,logistic_regression,v1,EXP_001,correct
CUST_001972,0,1,0.5353100700769412,logistic_regression,v1,EXP_001,false_positive
CUST_000933,0,0,0.28863301922728807,logistic_regression,v1,EXP_001,correct
CUST_001978,0,0,0.4711363697666904,logistic_regression,v1,EXP_001,correct
CUST_004433,0,0,0.18287260374327824,logistic_regression,v1,EXP_001,correct
CUST_002118,0,0,0.3448293203516771,logistic_regression,v1,EXP_001,correct
CUST_002600,0,1,0.5199670513288895,logistic_regression,v1,EXP_001,false_positive
CUST_000674,0,1,0.5912538847306472,logistic_regression,v1,EXP_001,false_positive
CUST_001617,0,0,0.21980649540435196,logistic_regression,v1,EXP_001,correct
CUST_002281,0,0,0.25997665613067805,logistic_regression,v1,EXP_001,correct
CUST_002673,0,0,0.4620737671870107,logistic_regression,v1,EXP_001,correct
CUST_004857,0,0,0.37657447353358764,logistic_regression,v1,EXP_001,correct
CUST_001460,0,0,0.49707936831485305,logistic_regression,v1,EXP_001,correct
